,Job Title,Company,Posted
0,Python Engineer,    east india securities ltd.        ,Posted 2 days ago
1,PYTHON DEVELOPER,    DREAMAJAX TECHNOLOGIES        ,Posted 3 days ago
2,Python Developer,    InnOvator Web Solutions Pvt.Ltd.        ,Posted 3 days ago
3,Python Developer,    pearl global solutions        ,Posted 3 days ago
4,Python - Odoo,    AxisTechnolabs        ,Posted 3 days ago
5,Python Developer,    Sourcedesk Global Private Limited        ,Posted 4 days ago
6,Python Developer,    CONNECTING 2 WORK        ,Posted 6 days ago
7,Python Developer,    glan management consultancy pvt. ltd.        ,Posted few days ago
8,Python Automation,    GS LAB        ,Posted 1 day ago
9,Python Developer,    Ivan Infotech Pvt. Ltd.        ,Posted few days ago
10,Python Developer,    AxisTechnolabs        ,Posted 3 days ago
11,Python Developer,    Doodleblue Innovations Pvt Ltd        ,Posted 3 days ago
12,Python Developer,    gammastack indore        ,Posted 3 days ago
13,Python Developer,    WBC Software Lab        ,Posted 3 days ago
14,Python Developer,    NuageBiz.Tech        ,Posted 3 days ago
15,Python developer,    AxisTechnolabs        ,Posted 3 days ago
16,Python Developer,    pegasus knowledge solutions india pvt ltd.        ,Posted 3 days ago
17,Python Developer,    Techasoft Pvt Ltd        ,Posted 3 days ago
18,Python Developer,    Fluper Limited        ,Posted 3 days ago
19,Python Developer,    Cybage Software Pvt Ltd        ,Posted 4 days ago
20,Python Developer,    Wing Global IT Services        ,Posted few days ago
21,Python Developer,    CONNECTING 2 WORK        ,Posted 6 days ago
22,Python Developer,    RAYVAT Outsourcing        ,Posted 1 day ago
23,Python Developer,    art technology and software india pvt ltd        ,Posted few days ago
24,Python Developer,    Root Info Solutions        ,Posted few days ago
